Region,Data item,2020-21,2021-22,2022-23,2023-24
Australia,Artichokes - Production (t),456,447,450,453
Australia,Artichokes - Farm gate value ($m),1.2,1.2,1.6,1.4
New South Wales,Artichokes - Production (t),14,13,13,14
New South Wales,Artichokes - Farm gate value ($m),0.0,0.0,0.0,0.0
Victoria,Artichokes - Production (t),358,351,353,355
Victoria,Artichokes - Farm gate value ($m),1.0,1.0,1.3,1.2
South Australia,Artichokes - Production (t),9,9,9,9
South Australia,Artichokes - Farm gate value ($m),0.0,0.0,0.0,0.0
Western Australia,Artichokes - Production (t),75,74,75,75
Western Australia,Artichokes - Farm gate value ($m),0.2,0.2,0.3,0.2
Australia,Asparagus - Production (t),"6,857","7,369","5,296","5,786"
Australia,Asparagus - Farm gate value ($m),72.4,77.9,59.3,66.5
New South Wales,Asparagus - Production (t),138,149,107,116
New South Wales,Asparagus - Farm gate value ($m),1.5,1.6,1.2,1.3
Victoria,Asparagus - Production (t),"6,703","7,202","5,176","5,641"
Victoria,Asparagus - Farm gate value ($m),70.7,76.1,58.0,64.8
Western Australia,Asparagus - Production (t),16,18,13,14
Western Australia,Asparagus - Farm gate value ($m),0.2,0.2,0.1,0.2
Tasmania,Asparagus - Production (t),0,0,0,15
Tasmania,Asparagus - Farm gate value ($m),0.0,0.0,0.0,0.2
Australia,"Beans, fresh - Production (t)","35,641","28,169","29,118","32,702"
Australia,"Beans, fresh - Farm gate value ($m)",81.9,134.4,114.3,117.2
New South Wales,"Beans, fresh - Production (t)","2,713","2,144","2,216","2,489"
New South Wales,"Beans, fresh - Farm gate value ($m)",6.2,10.2,8.7,8.9
Victoria,"Beans, fresh - Production (t)","4,818","3,808","3,936","4,421"
Victoria,"Beans, fresh - Farm gate value ($m)",11.1,18.2,15.5,15.8
Queensland,"Beans, fresh - Production (t)","18,936","14,966","15,471","17,375"
Queensland,"Beans, fresh - Farm gate value ($m)",43.5,71.4,60.6,62.3
Western Australia,"Beans, fresh - Production (t)",520,411,425,477
Western Australia,"Beans, fresh - Farm gate value ($m)",1.2,2.0,1.7,1.7
Tasmania,"Beans, fresh - Production (t)","8,654","6,840","7,070","7,940"
Tasmania,"Beans, fresh - Farm gate value ($m)",19.9,32.6,27.8,28.5
Australia,Beetroot - Production (t),"14,044","14,660","16,167","17,300"
Australia,Beetroot - Farm gate value ($m),10.8,13.8,14.9,16.9
New South Wales,Beetroot - Production (t),879,918,"1,012","1,083"
New South Wales,Beetroot - Farm gate value ($m),0.7,0.9,0.9,1.1
Victoria,Beetroot - Production (t),203,212,234,250
Victoria,Beetroot - Farm gate value ($m),0.2,0.2,0.2,0.2
Queensland,Beetroot - Production (t),"11,936","12,459","13,740","14,703"
Queensland,Beetroot - Farm gate value ($m),9.1,11.7,12.7,14.4
Western Australia,Beetroot - Production (t),"1,026","1,071","1,181","1,264"
Western Australia,Beetroot - Farm gate value ($m),0.8,1.0,1.1,1.2
Australia,Broccoli/Baby broccoli - Production (t),"80,199","72,623","75,235","78,896"
Australia,Broccoli/Baby broccoli - Farm gate value ($m),260.0,293.8,283.1,278.8
New South Wales,Broccoli/Baby broccoli - Production (t),"3,208","2,913","3,018","3,164"
New South Wales,Broccoli/Baby broccoli - Farm gate value ($m),10.4,11.8,11.4,11.2
Victoria,Broccoli/Baby broccoli - Production (t),"37,693","33,920","35,140","36,850"
Victoria,Broccoli/Baby broccoli - Farm gate value ($m),122.2,137.3,132.2,130.2
Queensland,Broccoli/Baby broccoli - Production (t),"22,456","20,278","21,006","22,029"
Queensland,Broccoli/Baby broccoli - Farm gate value ($m),72.8,82.0,79.0,77.8
South Australia,Broccoli/Baby broccoli - Production (t),"1,604","1,279","1,325","1,389"
South Australia,Broccoli/Baby broccoli - Farm gate value ($m),5.2,5.2,5.0,4.9
Western Australia,Broccoli/Baby broccoli - Production (t),"12,030","11,083","11,482","12,041"
Western Australia,Broccoli/Baby broccoli - Farm gate value ($m),39.0,44.8,43.2,42.6
Tasmania,Broccoli/Baby broccoli - Production (t),"3,208","3,150","3,264","3,423"
Tasmania,Broccoli/Baby broccoli - Farm gate value ($m),10.4,12.7,12.3,12.1
Australia,Brussels sprouts - Production (t),"6,263","5,353","6,845","7,419"
Australia,Brussels sprouts - Farm gate value ($m),25.7,27.5,37.4,38.4
New South Wales,Brussels sprouts - Production (t),8,7,9,22
New South Wales,Brussels sprouts - Farm gate value ($m),0.0,0.0,0.0,0.1
Victoria,Brussels sprouts - Production (t),"1,362","1,164","1,488","2,005"
Victoria,Brussels sprouts - Farm gate value ($m),5.6,6.0,8.1,10.4
Queensland,Brussels sprouts - Production (t),264,226,288,515
Queensland,Brussels sprouts - Farm gate value ($m),1.1,1.2,1.6,2.7
South Australia,Brussels sprouts - Production (t),"3,752","3,207","4,101","2,655"
South Australia,Brussels sprouts - Farm gate value ($m),15.4,16.5,22.5,13.7
Western Australia,Brussels sprouts - Production (t),0,0,0,921
Western Australia,Brussels sprouts - Farm gate value ($m),0.0,0.0,0.0,4.8
Tasmania,Brussels sprouts - Production (t),877,749,959,"1,301"
Tasmania,Brussels sprouts - Farm gate value ($m),3.6,3.8,5.2,6.7
Australia,Cabbage - Production (t),"59,635","65,306","62,848","62,617"
Australia,Cabbage - Farm gate value ($m),33.7,49.8,59.7,55.0
New South Wales,Cabbage - Production (t),"15,504","16,978","16,340","16,279"
New South Wales,Cabbage - Farm gate value ($m),8.8,12.9,15.5,14.3
Victoria,Cabbage - Production (t),"18,113","19,836","19,089","19,018"
Victoria,Cabbage - Farm gate value ($m),10.2,15.1,18.1,16.7
Queensland,Cabbage - Production (t),"18,795","20,582","19,807","19,736"
Queensland,Cabbage - Farm gate value ($m),10.5,15.8,18.8,17.4
South Australia,Cabbage - Production (t),"1,705","1,867","1,797","1,790"
South Australia,Cabbage - Farm gate value ($m),1.0,1.4,1.7,1.6
Western Australia,Cabbage - Production (t),"5,250","5,750","5,533","5,513"
Western Australia,Cabbage - Farm gate value ($m),3.0,4.4,5.3,4.8
Tasmania,Cabbage - Production (t),268,293,282,281
Tasmania,Cabbage - Farm gate value ($m),0.2,0.2,0.3,0.2
Australia,Capsicums - Production (t),"81,751","71,403","73,719","81,408"
Australia,Capsicums - Farm gate value ($m),196.6,211.9,215.8,237.0
New South Wales,Capsicums - Production (t),"2,453","2,283","2,357","2,602"
New South Wales,Capsicums - Farm gate value ($m),5.9,6.0,6.1,7.6
Victoria,Capsicums - Production (t),"8,993","8,151","8,416","9,293"
Victoria,Capsicums - Farm gate value ($m),21.6,26.9,27.8,27.1
Queensland,Capsicums - Production (t),"53,954","38,075","39,310","43,411"
Queensland,Capsicums - Farm gate value ($m),129.8,103.5,104.4,126.3
South Australia,Capsicums - Production (t),"7,358","14,841","15,322","16,921"
South Australia,Capsicums - Farm gate value ($m),17.7,52.5,54.3,49.3
Western Australia,Capsicums - Production (t),"6,540","5,556","5,737","6,335"
Western Australia,Capsicums - Farm gate value ($m),15.7,14.7,14.7,18.4
Tasmania,Capsicums - Production (t),"2,453","2,497","2,577","2,846"
Tasmania,Capsicums - Farm gate value ($m),5.9,8.3,8.5,8.3
Australia,Carrots - Production (t),"335,527","306,394","300,715","298,821"
Australia,Carrots - Farm gate value ($m),256.0,247.9,261.7,239.7
New South Wales,Carrots - Production (t),"6,427","5,869","5,760","5,724"
New South Wales,Carrots - Farm gate value ($m),4.9,4.7,5.0,4.6
Victoria,Carrots - Production (t),"58,743","53,643","52,649","52,317"
Victoria,Carrots - Farm gate value ($m),44.8,43.5,45.8,42.0
Queensland,Carrots - Production (t),"34,437","31,447","30,864","30,670"
Queensland,Carrots - Farm gate value ($m),26.3,25.4,26.9,24.6
South Australia,Carrots - Production (t),"51,367","46,907","46,038","45,748"
South Australia,Carrots - Farm gate value ($m),39.2,38.0,40.1,36.7
Western Australia,Carrots - Production (t),"129,563","118,312","116,119","115,387"
Western Australia,Carrots - Farm gate value ($m),98.8,95.7,101.0,92.5
Tasmania,Carrots - Production (t),"54,990","50,216","49,285","48,975"
Tasmania,Carrots - Farm gate value ($m),42.0,40.6,42.9,39.3
Australia,Cauliflower - Production (t),"84,350","77,061","84,893","90,124"
Australia,Cauliflower - Farm gate value ($m),63.4,61.4,73.7,69.8
New South Wales,Cauliflower - Production (t),"11,752","10,736","11,828","12,557"
New South Wales,Cauliflower - Farm gate value ($m),8.8,8.6,10.3,9.7
Victoria,Cauliflower - Production (t),"36,887","33,700","37,123","39,411"
Victoria,Cauliflower - Farm gate value ($m),27.8,26.8,32.2,30.6
Queensland,Cauliflower - Production (t),"16,110","14,718","16,214","17,213"
Queensland,Cauliflower - Farm gate value ($m),12.1,11.7,14.1,13.3
South Australia,Cauliflower - Production (t),"4,159","3,800","4,186","4,444"
South Australia,Cauliflower - Farm gate value ($m),3.1,3.0,3.6,3.4
Western Australia,Cauliflower - Production (t),"8,898","8,129","8,956","9,507"
Western Australia,Cauliflower - Farm gate value ($m),6.7,6.5,7.8,7.4
Tasmania,Cauliflower - Production (t),"6,544","5,978","6,586","6,992"
Tasmania,Cauliflower - Farm gate value ($m),4.9,4.8,5.7,5.4
Australia,Celery - Production (t),"65,043","58,291","56,472","61,216"
Australia,Celery - Farm gate value ($m),60.5,65.2,72.1,57.6
New South Wales,Celery - Production (t),465,417,404,438
New South Wales,Celery - Farm gate value ($m),0.4,0.5,0.5,0.4
Victoria,Celery - Production (t),"37,523","33,627","32,579","35,315"
Victoria,Celery - Farm gate value ($m),35.0,37.5,41.6,33.3
Queensland,Celery - Production (t),"15,957","14,301","13,854","15,018"
Queensland,Celery - Farm gate value ($m),14.8,16.0,17.7,14.1
South Australia,Celery - Production (t),558,500,484,525
South Australia,Celery - Farm gate value ($m),0.5,0.6,0.6,0.5
Western Australia,Celery - Production (t),"9,380","8,406","8,144","8,828"
Western Australia,Celery - Farm gate value ($m),8.7,9.4,10.4,8.3
Tasmania,Celery - Production (t),"1,160","1,040","1,007","1,092"
Tasmania,Celery - Farm gate value ($m),1.1,1.2,1.3,1.0
Australia,Chillies - Production (t),"2,045","2,218","2,232","2,259"
Australia,Chillies - Farm gate value ($m),9.7,12.0,13.5,11.7
New South Wales,Chillies - Production (t),20,34,34,34
New South Wales,Chillies - Farm gate value ($m),0.1,0.2,0.2,0.2
Victoria,Chillies - Production (t),102,111,111,113
Victoria,Chillies - Farm gate value ($m),0.5,0.6,0.7,0.6
Queensland,Chillies - Production (t),"1,474","1,596","1,607","1,626"
Queensland,Chillies - Farm gate value ($m),7.0,8.6,9.7,8.3
Western Australia,Chillies - Production (t),429,465,468,474
Western Australia,Chillies - Farm gate value ($m),2.0,2.5,2.8,2.5
Northern Territory,Chillies - Production (t),20,12,12,12
Northern Territory,Chillies - Farm gate value ($m),0.1,0.1,0.1,0.1
Australia,Cucumbers - Production (t),"90,998","88,429","93,469","106,268"
Australia,Cucumbers - Farm gate value ($m),172.7,229.9,213.6,192.8
New South Wales,Cucumbers - Production (t),"8,190","9,046","9,561","10,871"
New South Wales,Cucumbers - Farm gate value ($m),15.5,23.7,22.0,19.7
Victoria,Cucumbers - Production (t),910,"11,347","11,994","13,636"
Victoria,Cucumbers - Farm gate value ($m),1.7,32.0,29.1,24.7
Queensland,Cucumbers - Production (t),"31,849","27,413","28,975","32,943"
Queensland,Cucumbers - Farm gate value ($m),60.4,73.9,68.4,59.8
South Australia,Cucumbers - Production (t),"39,129","30,113","31,829","36,187"
South Australia,Cucumbers - Farm gate value ($m),74.3,75.0,70.2,65.6
Western Australia,Cucumbers - Production (t),"9,100","7,460","7,885","8,965"
Western Australia,Cucumbers - Farm gate value ($m),17.3,17.7,16.7,16.3
Tasmania,Cucumbers - Production (t),455,"1,812","1,916","2,178"
Tasmania,Cucumbers - Farm gate value ($m),0.9,5.0,4.7,4.0
Northern Territory,Cucumbers - Production (t),"1,365","1,238","1,309","1,488"
Northern Territory,Cucumbers - Farm gate value ($m),2.6,2.6,2.5,2.7
Australia,Eggplant - Production (t),"9,177","8,271","8,698","9,558"
Australia,Eggplant - Farm gate value ($m),21.4,21.7,23.6,24.5
New South Wales,Eggplant - Production (t),"1,977","1,285","1,351","1,485"
New South Wales,Eggplant - Farm gate value ($m),4.6,3.2,3.5,3.8
Victoria,Eggplant - Production (t),988,"1,139","1,198","1,316"
Victoria,Eggplant - Farm gate value ($m),2.3,3.1,3.3,3.4
Queensland,Eggplant - Production (t),"4,694","3,321","3,492","3,837"
Queensland,Eggplant - Farm gate value ($m),10.9,8.4,9.4,9.9
South Australia,Eggplant - Production (t),494,"1,934","2,034","2,235"
South Australia,Eggplant - Farm gate value ($m),1.2,5.5,5.8,5.7
Western Australia,Eggplant - Production (t),777,452,476,523
Western Australia,Eggplant - Farm gate value ($m),1.8,1.2,1.3,1.3
Tasmania,Eggplant - Production (t),247,140,147,162
Tasmania,Eggplant - Farm gate value ($m),0.6,0.3,0.3,0.4
Australia,English spinach/Silverbeet/Kale - Production (t),"6,925","6,716","6,674","6,642"
Australia,English spinach/Silverbeet/Kale - Farm gate value ($m),22.2,23.5,25.5,22.4
New South Wales,English spinach/Silverbeet/Kale - Production (t),878,852,846,842
New South Wales,English spinach/Silverbeet/Kale - Farm gate value ($m),2.8,3.0,3.2,2.8
Victoria,English spinach/Silverbeet/Kale - Production (t),"3,121","3,026","3,007","2,993"
Victoria,English spinach/Silverbeet/Kale - Farm gate value ($m),10.0,10.6,11.6,10.2
Queensland,English spinach/Silverbeet/Kale - Production (t),"2,179","2,113","2,100","2,090"
Queensland,English spinach/Silverbeet/Kale - Farm gate value ($m),7.0,7.4,8.0,7.0
South Australia,English spinach/Silverbeet/Kale - Production (t),94,91,91,90
South Australia,English spinach/Silverbeet/Kale - Farm gate value ($m),0.3,0.3,0.3,0.3
Western Australia,English spinach/Silverbeet/Kale - Production (t),366,355,353,351
Western Australia,English spinach/Silverbeet/Kale - Farm gate value ($m),1.2,1.2,1.3,1.2
Tasmania,English spinach/Silverbeet/Kale - Production (t),287,279,277,276
Tasmania,English spinach/Silverbeet/Kale - Farm gate value ($m),0.9,1.0,1.1,0.9
Australia,Fennel - Production (t),"1,380","1,386","1,391","1,435"
Australia,Fennel - Farm gate value ($m),2.7,4.0,4.0,3.9
New South Wales,Fennel - Production (t),69,69,70,72
New South Wales,Fennel - Farm gate value ($m),0.1,0.2,0.2,0.2
Victoria,Fennel - Production (t),"1,104","1,109","1,112","1,148"
Victoria,Fennel - Farm gate value ($m),2.2,3.3,3.3,3.2
Queensland,Fennel - Production (t),152,152,153,158
Queensland,Fennel - Farm gate value ($m),0.3,0.4,0.4,0.4
South Australia,Fennel - Production (t),14,14,14,14
South Australia,Fennel - Farm gate value ($m),0.0,0.0,0.0,0.0
Western Australia,Fennel - Production (t),41,42,42,43
Western Australia,Fennel - Farm gate value ($m),0.1,0.1,0.1,0.1
Australia,Garlic - Production (t),"3,406","3,174","2,730","3,071"
Australia,Garlic - Farm gate value ($m),19.8,20.9,21.3,20.8
New South Wales,Garlic - Production (t),"1,022",952,819,912
New South Wales,Garlic - Farm gate value ($m),5.9,6.3,6.4,6.2
Victoria,Garlic - Production (t),"1,090","1,016",873,974
Victoria,Garlic - Farm gate value ($m),6.3,6.7,6.9,6.6
Queensland,Garlic - Production (t),579,540,464,517
Queensland,Garlic - Farm gate value ($m),3.4,3.6,3.6,3.5
South Australia,Garlic - Production (t),545,508,437,486
South Australia,Garlic - Farm gate value ($m),3.2,3.3,3.4,3.3
Western Australia,Garlic - Production (t),68,63,55,61
Western Australia,Garlic - Farm gate value ($m),0.4,0.4,0.4,0.4
Tasmania,Garlic - Production (t),102,95,82,91
Tasmania,Garlic - Farm gate value ($m),0.6,0.6,0.6,0.6
Northern Territory,Garlic - Production (t),0,0,0,30
Northern Territory,Garlic - Farm gate value ($m),0.0,0.0,0.0,0.2
Australia,Ginger - Production (t),"5,184","4,495","4,922","5,327"
Australia,Ginger - Farm gate value ($m),55.5,25.8,13.6,16.3
New South Wales,Ginger - Production (t),104,90,98,107
New South Wales,Ginger - Farm gate value ($m),1.1,0.5,0.3,0.3
Queensland,Ginger - Production (t),"5,080","4,405","4,824","5,220"
Queensland,Ginger - Farm gate value ($m),54.4,25.3,13.3,16.0
Australia,Leafy Asian vegetables - Production (t),"30,547","29,547","29,092","30,076"
Australia,Leafy Asian vegetables - Farm gate value ($m),71.7,86.2,91.2,82.4
New South Wales,Leafy Asian vegetables - Production (t),"13,031","12,604","12,408","12,828"
New South Wales,Leafy Asian vegetables - Farm gate value ($m),30.6,36.8,38.8,35.1
Victoria,Leafy Asian vegetables - Production (t),"7,297","7,058","6,950","7,185"
Victoria,Leafy Asian vegetables - Farm gate value ($m),17.1,20.6,21.8,19.7
Queensland,Leafy Asian vegetables - Production (t),"8,520","8,241","8,114","8,389"
Queensland,Leafy Asian vegetables - Farm gate value ($m),20.0,24.0,25.5,22.9
South Australia,Leafy Asian vegetables - Production (t),56,55,54,56
South Australia,Leafy Asian vegetables - Farm gate value ($m),0.1,0.2,0.2,0.2
Western Australia,Leafy Asian vegetables - Production (t),968,936,922,953
Western Australia,Leafy Asian vegetables - Farm gate value ($m),2.3,2.7,2.9,2.6
Tasmania,Leafy Asian vegetables - Production (t),26,25,25,26
Tasmania,Leafy Asian vegetables - Farm gate value ($m),0.1,0.1,0.1,0.1
Northern Territory,Leafy Asian vegetables - Production (t),649,628,619,639
Northern Territory,Leafy Asian vegetables - Farm gate value ($m),1.5,1.8,1.9,1.8
Australia,Leafy salad vegetables - Production (t),"74,571","78,495","75,720","78,329"
Australia,Leafy salad vegetables - Farm gate value ($m),495.0,589.2,736.5,688.3
New South Wales,Leafy salad vegetables - Production (t),"5,554","5,847","5,640","5,834"
New South Wales,Leafy salad vegetables - Farm gate value ($m),36.9,43.9,55.6,51.3
Victoria,Leafy salad vegetables - Production (t),"33,327","35,078","33,839","35,006"
Victoria,Leafy salad vegetables - Farm gate value ($m),221.2,262.2,325.8,307.6
Queensland,Leafy salad vegetables - Production (t),"20,630","21,716","20,948","21,670"
Queensland,Leafy salad vegetables - Farm gate value ($m),136.9,163.3,203.8,190.4
South Australia,Leafy salad vegetables - Production (t),"5,554","5,847","5,640","5,834"
South Australia,Leafy salad vegetables - Farm gate value ($m),36.9,43.9,55.6,51.3
Western Australia,Leafy salad vegetables - Production (t),"2,365","2,490","2,402","2,484"
Western Australia,Leafy salad vegetables - Farm gate value ($m),15.7,19.1,24.5,21.8
Tasmania,Leafy salad vegetables - Production (t),"7,141","7,517","7,251","7,501"
Tasmania,Leafy salad vegetables - Farm gate value ($m),47.4,56.8,71.2,65.9
Australia,Leeks - Production (t),"11,099","10,722","10,127","9,528"
Australia,Leeks - Farm gate value ($m),27.3,34.2,34.8,31.1
New South Wales,Leeks - Production (t),280,270,255,240
New South Wales,Leeks - Farm gate value ($m),0.7,0.9,0.9,0.8
Victoria,Leeks - Production (t),"6,273","6,060","5,724","5,386"
Victoria,Leeks - Farm gate value ($m),15.4,19.4,19.6,17.6
Queensland,Leeks - Production (t),822,794,750,705
Queensland,Leeks - Farm gate value ($m),2.0,2.5,2.6,2.3
South Australia,Leeks - Production (t),"1,006",972,918,864
South Australia,Leeks - Farm gate value ($m),2.5,3.1,3.2,2.8
Western Australia,Leeks - Production (t),"2,486","2,402","2,269","2,134"
Western Australia,Leeks - Farm gate value ($m),6.1,7.6,7.8,7.0
Tasmania,Leeks - Production (t),232,224,211,199
Tasmania,Leeks - Farm gate value ($m),0.6,0.7,0.7,0.6
Australia,Lettuce (head) - Production (t),"139,023","134,726","145,394","162,418"
Australia,Lettuce (head) - Farm gate value ($m),171.9,266.7,243.8,243.8
New South Wales,Lettuce (head) - Production (t),"7,543","7,310","7,889","8,813"
New South Wales,Lettuce (head) - Farm gate value ($m),9.3,14.5,13.2,13.2
Victoria,Lettuce (head) - Production (t),"59,848","57,998","62,590","69,918"
Victoria,Lettuce (head) - Farm gate value ($m),74.0,114.8,105.0,105.0
Queensland,Lettuce (head) - Production (t),"50,847","49,276","53,177","59,404"
Queensland,Lettuce (head) - Farm gate value ($m),62.9,97.6,89.2,89.2
South Australia,Lettuce (head) - Production (t),"6,632","6,427","6,936","7,748"
South Australia,Lettuce (head) - Farm gate value ($m),8.2,12.7,11.6,11.6
Western Australia,Lettuce (head) - Production (t),"13,679","13,256","14,306","15,981"
Western Australia,Lettuce (head) - Farm gate value ($m),16.9,26.2,24.0,24.0
Tasmania,Lettuce (head) - Production (t),474,459,496,554
Tasmania,Lettuce (head) - Farm gate value ($m),0.6,0.9,0.8,0.8
Australia,Mushrooms - Production (t),"68,936","63,901","61,633","56,941"
Australia,Mushrooms - Farm gate value ($m),393.1,420.9,409.4,382.8
New South Wales,Mushrooms - Production (t),"21,577","20,000","16,394","15,146"
New South Wales,Mushrooms - Farm gate value ($m),123.0,131.7,108.9,101.8
Victoria,Mushrooms - Production (t),"25,654","23,781","16,888","15,602"
Victoria,Mushrooms - Farm gate value ($m),146.4,156.7,112.2,104.8
Queensland,Mushrooms - Production (t),"4,283","3,971","8,320","7,687"
Queensland,Mushrooms - Farm gate value ($m),24.4,26.2,55.3,51.7
South Australia,Mushrooms - Production (t),"11,486","10,647","16,641","15,374"
South Australia,Mushrooms - Farm gate value ($m),65.5,70.1,110.5,103.4
Western Australia,Mushrooms - Production (t),"5,936","5,502","3,390","3,132"
Western Australia,Mushrooms - Farm gate value ($m),33.8,36.2,22.5,21.1
Australia,Onions - Production (t),"271,383","272,604","255,159","272,396"
Australia,Onions - Farm gate value ($m),202.7,253.4,332.7,290.9
New South Wales,Onions - Production (t),"5,428","5,582","5,225","5,578"
New South Wales,Onions - Farm gate value ($m),4.1,5.2,6.8,6.0
Victoria,Onions - Production (t),"16,283","17,061","15,969","17,048"
Victoria,Onions - Farm gate value ($m),12.2,15.9,20.8,18.2
Queensland,Onions - Production (t),"32,566","33,372","31,237","33,347"
Queensland,Onions - Farm gate value ($m),24.3,31.0,40.7,35.6
South Australia,Onions - Production (t),"130,264","129,781","121,476","129,682"
South Australia,Onions - Farm gate value ($m),97.2,120.6,158.5,138.5
Western Australia,Onions - Production (t),"27,138","26,091","24,421","26,071"
Western Australia,Onions - Farm gate value ($m),20.3,24.3,31.8,27.8
Tasmania,Onions - Production (t),"59,704","60,717","56,831","60,670"
Tasmania,Onions - Farm gate value ($m),44.6,56.4,74.1,64.8
Australia,Parsley and other fresh herbs excluding fennel - Production (t),"12,422","11,879","11,673","11,616"
Australia,Parsley and other fresh herbs excluding fennel - Farm gate value ($m),227.1,266.5,313.3,264.5
New South Wales,Parsley and other fresh herbs excluding fennel - Production (t),"2,360","2,019","1,984","1,975"
New South Wales,Parsley and other fresh herbs excluding fennel - Farm gate value ($m),43.1,44.9,52.9,45.0
Victoria,Parsley and other fresh herbs excluding fennel - Production (t),"3,727","3,207","3,152","3,369"
Victoria,Parsley and other fresh herbs excluding fennel - Farm gate value ($m),68.1,73.8,87.2,76.7
Queensland,Parsley and other fresh herbs excluding fennel - Production (t),"5,714","4,871","4,786","4,530"
Queensland,Parsley and other fresh herbs excluding fennel - Farm gate value ($m),104.5,99.4,115.9,103.2
South Australia,Parsley and other fresh herbs excluding fennel - Production (t),261,"1,200","1,179","1,173"
South Australia,Parsley and other fresh herbs excluding fennel - Farm gate value ($m),4.8,35.6,42.0,26.7
Western Australia,Parsley and other fresh herbs excluding fennel - Production (t),236,463,455,453
Western Australia,Parsley and other fresh herbs excluding fennel - Farm gate value ($m),4.3,10.4,12.5,10.3
Tasmania,Parsley and other fresh herbs excluding fennel - Production (t),124,119,117,116
Tasmania,Parsley and other fresh herbs excluding fennel - Farm gate value ($m),2.3,2.4,2.8,2.6
Australia,Parsnips - Production (t),"3,538","3,580","3,593","3,600"
Australia,Parsnips - Farm gate value ($m),11.2,14.2,14.4,13.6
New South Wales,Parsnips - Production (t),174,176,176,177
New South Wales,Parsnips - Farm gate value ($m),0.6,0.7,0.7,0.7
Victoria,Parsnips - Production (t),"1,535","1,554","1,560","1,562"
Victoria,Parsnips - Farm gate value ($m),4.8,6.2,6.3,5.8
Queensland,Parsnips - Production (t),274,277,278,279
Queensland,Parsnips - Farm gate value ($m),0.9,1.1,1.1,1.1
South Australia,Parsnips - Production (t),258,261,262,263
South Australia,Parsnips - Farm gate value ($m),0.8,1.0,1.0,1.0
Western Australia,Parsnips - Production (t),909,920,923,925
Western Australia,Parsnips - Farm gate value ($m),2.9,3.6,3.7,3.5
Tasmania,Parsnips - Production (t),388,392,394,394
Tasmania,Parsnips - Farm gate value ($m),1.2,1.6,1.6,1.5
Australia,Peas - Production (t),"35,248","31,123","25,448","19,480"
Australia,Peas - Farm gate value ($m),63.2,70.1,64.9,42.1
New South Wales,Peas - Production (t),125,111,91,102
New South Wales,Peas - Farm gate value ($m),0.2,0.2,0.2,0.2
Victoria,Peas - Production (t),"2,398","2,117","1,731","1,944"
Victoria,Peas - Farm gate value ($m),4.3,4.8,4.4,4.2
Queensland,Peas - Production (t),580,512,419,470
Queensland,Peas - Farm gate value ($m),1.0,1.2,1.1,1.0
South Australia,Peas - Production (t),3,2,2,2
South Australia,Peas - Farm gate value ($m),0.0,0.0,0.0,0.0
Western Australia,Peas - Production (t),73,64,53,59
Western Australia,Peas - Farm gate value ($m),0.1,0.1,0.1,0.1
Tasmania,Peas - Production (t),"32,069","28,317","23,152","16,903"
Tasmania,Peas - Farm gate value ($m),57.6,63.8,59.1,36.6
Australia,Potatoes - Production (t),"1,458,991","1,462,066","1,462,975","1,530,163"
Australia,Potatoes - Farm gate value ($m),807.3,830.1,"1,033.5","1,104.0"
New South Wales,Potatoes - Production (t),"158,458","158,792","158,891","166,188"
New South Wales,Potatoes - Farm gate value ($m),87.7,90.2,112.2,119.9
Victoria,Potatoes - Production (t),"262,852","263,406","263,570","275,674"
Victoria,Potatoes - Farm gate value ($m),145.4,149.5,186.2,198.9
Queensland,Potatoes - Production (t),"80,739","80,909","80,960","84,678"
Queensland,Potatoes - Farm gate value ($m),44.7,45.9,57.2,61.1
South Australia,Potatoes - Production (t),"431,829","432,740","433,007","452,894"
South Australia,Potatoes - Farm gate value ($m),238.9,245.8,306.0,326.8
Western Australia,Potatoes - Production (t),"68,081","68,224","68,267","71,402"
Western Australia,Potatoes - Farm gate value ($m),37.7,38.7,48.2,51.5
Tasmania,Potatoes - Production (t),"457,032","457,995","458,280","479,327"
Tasmania,Potatoes - Farm gate value ($m),252.9,260.0,323.7,345.8
Australia,Pumpkins - Production (t),"115,982","112,895","118,278","119,665"
Australia,Pumpkins - Farm gate value ($m),89.4,106.5,94.1,100.9
New South Wales,Pumpkins - Production (t),"32,712","31,841","33,359","33,751"
New South Wales,Pumpkins - Farm gate value ($m),25.2,30.0,26.5,28.5
Victoria,Pumpkins - Production (t),"3,479","3,387","3,548","3,590"
Victoria,Pumpkins - Farm gate value ($m),2.7,3.2,2.8,3.0
Queensland,Pumpkins - Production (t),"55,091","53,625","56,183","56,841"
Queensland,Pumpkins - Farm gate value ($m),42.5,50.6,44.8,47.9
South Australia,Pumpkins - Production (t),"1,740","1,693","1,774","1,795"
South Australia,Pumpkins - Farm gate value ($m),1.3,1.6,1.4,1.5
Western Australia,Pumpkins - Production (t),"20,344","19,802","20,746","20,989"
Western Australia,Pumpkins - Farm gate value ($m),15.7,18.7,16.5,17.7
Tasmania,Pumpkins - Production (t),551,537,562,569
Tasmania,Pumpkins - Farm gate value ($m),0.4,0.5,0.4,0.5
Northern Territory,Pumpkins - Production (t),"2,065","2,010","2,106","2,130"
Northern Territory,Pumpkins - Farm gate value ($m),1.6,1.9,1.7,1.8
Australia,Sweet corn - Production (t),"77,090","74,685","76,296","79,690"
Australia,Sweet corn - Farm gate value ($m),131.9,149.8,117.6,133.0
New South Wales,Sweet corn - Production (t),"11,479","11,121","11,361","11,866"
New South Wales,Sweet corn - Farm gate value ($m),19.6,22.3,17.5,19.8
Victoria,Sweet corn - Production (t),"9,597","9,297","9,498","9,920"
Victoria,Sweet corn - Farm gate value ($m),16.4,18.6,14.6,16.6
Queensland,Sweet corn - Production (t),"53,962","52,279","53,406","55,783"
Queensland,Sweet corn - Farm gate value ($m),92.4,104.9,82.4,93.1
South Australia,Sweet corn - Production (t),1,1,1,1
South Australia,Sweet corn - Farm gate value ($m),0.0,0.0,0.0,0.0
Western Australia,Sweet corn - Production (t),"2,051","1,987","2,030","2,120"
Western Australia,Sweet corn - Farm gate value ($m),3.5,4.0,3.1,3.5
Australia,Sweet potatoes - Production (t),"104,006","93,172","91,458","89,203"
Australia,Sweet potatoes - Farm gate value ($m),91.3,66.5,69.2,69.6
New South Wales,Sweet potatoes - Production (t),"11,441","10,249","10,060","9,812"
New South Wales,Sweet potatoes - Farm gate value ($m),10.0,7.3,7.6,7.7
Queensland,Sweet potatoes - Production (t),"91,525","81,991","80,483","78,499"
Queensland,Sweet potatoes - Farm gate value ($m),80.4,58.5,60.9,61.2
Western Australia,Sweet potatoes - Production (t),"1,040",932,915,892
Western Australia,Sweet potatoes - Farm gate value ($m),0.9,0.7,0.7,0.7
Australia,Tomatoes - Production (t),"472,209","441,175","321,736","437,596"
Australia,Tomatoes - Farm gate value ($m),562.2,645.6,570.6,599.9
New South Wales,Tomatoes - Production (t),"23,816","44,310","43,128","45,530"
New South Wales,Tomatoes - Farm gate value ($m),28.4,64.8,109.6,62.4
Victoria,Tomatoes - Production (t),"305,606","266,771","151,984","259,228"
Victoria,Tomatoes - Farm gate value ($m),363.9,390.4,146.0,355.4
Queensland,Tomatoes - Production (t),"78,065","50,876","49,519","49,847"
Queensland,Tomatoes - Farm gate value ($m),92.9,74.5,93.8,68.3
South Australia,Tomatoes - Production (t),"44,860","59,559","57,970","61,341"
South Australia,Tomatoes - Farm gate value ($m),53.4,87.2,179.8,84.1
Western Australia,Tomatoes - Production (t),"19,256","17,990","17,510","19,440"
Western Australia,Tomatoes - Farm gate value ($m),22.9,26.3,37.2,26.7
Tasmania,Tomatoes - Production (t),606,"1,669","1,625","2,210"
Tasmania,Tomatoes - Farm gate value ($m),0.7,2.4,4.2,3.0
Australia,Zucchini - Production (t),"41,399","38,850","37,139","36,573"
Australia,Zucchini - Farm gate value ($m),84.4,80.0,64.9,55.1
New South Wales,Zucchini - Production (t),"8,030","7,535","7,204","7,094"
New South Wales,Zucchini - Farm gate value ($m),16.4,15.5,12.6,10.7
Victoria,Zucchini - Production (t),"10,938","10,264","9,812","9,662"
Victoria,Zucchini - Farm gate value ($m),22.3,21.2,17.2,14.6
Queensland,Zucchini - Production (t),"19,321","18,131","17,332","17,069"
Queensland,Zucchini - Farm gate value ($m),39.4,37.3,30.3,25.7
South Australia,Zucchini - Production (t),"1,432","1,344","1,285","1,265"
South Australia,Zucchini - Farm gate value ($m),2.9,2.8,2.2,1.9
Western Australia,Zucchini - Production (t),"1,564","1,468","1,403","1,381"
Western Australia,Zucchini - Farm gate value ($m),3.2,3.0,2.5,2.1
Tasmania,Zucchini - Production (t),92,87,83,82
Tasmania,Zucchini - Farm gate value ($m),0.2,0.2,0.1,0.1
Northern Territory,Zucchini - Production (t),22,21,20,20
Northern Territory,Zucchini - Farm gate value ($m),0.0,0.0,0.0,0.0
